elitefuzzy,242a7c75-f70e-4961-abb5-888f0f99f051
unformedcorn167,240e383a-77d7-4d0d-9b46-760daa603a36
angelriver557,2422ef3e-0c3a-4186-8a60-dc1bfc9c4df6
divy_a,64e653e5-ed33-4be6-8ae2-08f06f423606
5exynukes,6540b1ff-14df-4005-b74d-a86ac3f79572
bugattiboy12567,59c5a67c-f7a6-4aa3-9bd6-dfdd87ffeb4e
ses1on,c82e44f2-5bfc-4167-9400-6baedac9724f
jamesthekid7,d7b8e048-1eba-4a82-b4ca-0fd81392a3d5
zsilver420,9f65fccf-854b-44e8-bb8d-086432d801e0
5tee1,50648b4c-71ed-44fe-9359-6c5fa9349598
virtualizedtrash,16476372-c18c-4e60-9b69-573cd49ec970
happypup5006,93a4c16f-5f17-401e-a932-856515e782b7
beforenightmare,0036769a-004b-4cd6-b0bc-d3254bea315a
